{
  "status":{},
  "message":{},
  "result":[
    {
      "addressId":"100001",
      "userName":"JackBean",
      "streetName":"北京市朝阳区朝阳公园1",
      "postCode":"100001",
      "tel":"12345678901",
      "isDefault":true
    },
    {
      "addressId":"100002",
      "userName":"JackBean",
      "streetName":"北京市朝阳区朝阳公园2",
      "postCode":"100001",
      "tel":"12345678901",
      "isDefault":false
    },
    {
      "addressId":"100003",
      "userName":"JackBean",
      "streetName":"北京市朝阳区朝阳公园3",
      "postCode":"100001",
      "tel":"12345678901",
      "isDefault":false
    },
    {
      "addressId":"100004",
      "userName":"JackBean",
      "streetName":"北京市朝阳区朝阳公园4",
      "postCode":"100001",
      "tel":"12345678901",
      "isDefault":false
    },
    {
      "addressId":"100005",
      "userName":"JackBean",
      "streetName":"北京市朝阳区朝阳公园5",
      "postCode":"100001",
      "tel":"12345678901",
      "isDefault":false
    }
  ]
}